module,unit,word,part_of_speech,chinese_meaning,textbook_example,speaking_example
Unit 1,Words and expressions,suppose,v.,"想，认为",I suppose everyone has something they don't like about themselves.,I suppose maths is hard for many students.
Unit 1,Words and expressions,birthmark,n.,"胎记，胎痣","For me, it was the birthmark on my face.",My little cousin has a small birthmark on his arm.
Unit 1,Words and expressions,bright,adj.,鲜艳的,"It was bright red, the colour of a strawberry.",I like your bright yellow schoolbag!
Unit 1,Words and expressions,strawberry,n.,草莓,"It was bright red, the colour of a strawberry.",Strawberry ice cream is my favourite.
Unit 1,Words and expressions,crowded,adj.,挤满人（物）的；拥挤的,"On crowded buses and trains, it felt just like a disaster.",The subway is really crowded at 8 a.m.
Unit 1,Words and expressions,disaster,n.,"灾难，不幸","On crowded buses and trains, it felt just like a disaster.",I forgot my homework - what a disaster!
Unit 1,Words and expressions,therefore,adv.,"因此，由此，所以","Therefore, I always kept my hair long to cover it.","I was ill; therefore, I stayed at home."
Unit 1,Words and expressions,cover,v.,遮盖,I always kept my hair long to cover it until that day.,He covered his eyes during the scary movie.
Unit 1,Words and expressions,instead,adv.,代替；而不是,"Instead of looking away, Maddie studied my face.",I didn't take the bus. I walked instead.
Unit 1,Words and expressions,instead of,短语,代替……；而不是……,"Instead of looking away, Maddie studied my face.",Let's play basketball instead of staying at home.
Unit 1,Words and expressions,although,conj.,"虽然，尽管","Although I only replied ""thank you"", it turned sunny in my heart.","Although I was tired, I finished my homework."
Unit 1,Words and expressions,bathroom,n.,"浴室，卫生间",I rushed to the bathroom and looked in the mirror.,I sing songs in the bathroom every morning.
Unit 1,Words and expressions,quickly,adv.,"很快，马上",I could look at my birthmark without quickly turning away.,She quickly put away her phone when Mum came in.
Unit 1,Words and expressions,truly,adv.,"真实地，确实地",The shape of it was truly like a flower.,This is truly the best dumpling I've ever had.
Unit 1,Words and expressions,paint,v.,（用颜料）画，绘,Maddie painted a red rose on her own face!,We painted a big panda on the class wall.
Unit 1,Words and expressions,yet,adv.,"还，尚",I haven't told Maddie the whole story yet.,I haven't watched that new film yet.
Unit 1,Words and expressions,anyway,adv.,总之,"Anyway, she has changed me.","It's raining. Anyway, let's play chess inside."
Unit 1,Words and expressions,already,adv.,已经,I have already learnt that I am what I am.,I have already packed my schoolbag.
Unit 1,Words and expressions,difference,n.,"差别，差异",Accept your differences. They make you special.,There's a big difference between the two photos.
Unit 1,Words and expressions,hate,v.,"讨厌，不喜欢",Sally hated the birthmark on her face.,I hate getting up early on Mondays.
Unit 1,Words and expressions,successful,adj.,"有成就的，出人头地的",You can use examples of successful people and their sayings to support your idea.,My uncle is a successful cook with his own restaurant.
Unit 1,Words and expressions,scientific,adj.,科学（上）的,The results of scientific studies can also help you make wise decisions.,We did a scientific experiment with water today.
Unit 1,Words and expressions,wise,adj.,"明智的，明断的",Scientific studies can help you make wise decisions.,Going to bed early before the exam was a wise choice.
Unit 1,Words and expressions,perfect,adj.,完成时的,Write sentences with the present perfect tense.,"""Have done"" is the present perfect tense form of ""do""."
Unit 1,Words and expressions,row,n.,"一排，一行",And I have always sat in the last row at school.,"I sit in the second row, near the window."
Unit 1,Words and expressions,height,n.,身高；高，高度,"Over time, I have learnt to accept my height.",What's your height? - About 1.7 metres.
Unit 1,Words and expressions,literature,n.,文学；文学作品,Many works of literature have described characters in search of their values.,Our teacher loves literature and reads us poems.
Unit 1,Words and expressions,character,n.,（书、剧本、电影等中的）人物，角色,Who are the main characters?,Monkey King is my favourite character in the book.
Unit 1,Words and expressions,wizard,n.,男巫,They all need help from the wizard.,The wizard in the story can make people fly.
Unit 1,Words and expressions,brain,n.,"脑，大脑",The Scarecrow wants a brain.,Use your brain before you answer!
Unit 1,Words and expressions,value,n.,价值观,It's a great book about finding our own values.,Being honest is one of my values.
Unit 1,Words and expressions,quality,n.,"素质；品德，品性","We already have the qualities, and we just need to discover them.",Kindness is a great quality in a friend.
Unit 1,Words and expressions,impossible,adj.,不可能发生的；办不到的,"Nothing is impossible; the word itself says ""I'm possible"".",Finishing this book in one hour is impossible for me.
Unit 1,Words and expressions,nothing,pron.,没有任何东西；没有事,Nothing is impossible as long as you try and stick to it.,There is nothing in my pocket.
Unit 1,Words and expressions,British,adj.,英国的；英国人的,"Audrey Hepburn, the British actress and star of the silver screen, said this.",My pen friend is British. She lives in London.
Unit 1,Words and expressions,actress,n.,女演员,"Audrey Hepburn, the British actress, said this.",The actress in that film is really funny.
Unit 1,Words and expressions,silver,adj.,"银制的，银质的",Audrey Hepburn was a star of the silver screen.,Grandma gave me a silver ring.
Unit 1,Words and expressions,the silver screen,短语,电影业,Audrey Hepburn was a star of the silver screen.,He dreams of becoming a star of the silver screen.
Unit 1,Words and expressions,doubt,n./v.,n. 不确定，怀疑；v. 怀疑，不相信，不信任,"However, doubts and fears often hold us back. / People doubted his decision.",I doubt we can finish the game before dinner.
Unit 1,Words and expressions,fear,n.,害怕，恐惧；担忧,Su fought his fears and became a sporting hero.,I finally faced my fear of dogs.
Unit 1,Words and expressions,succeed,v.,"成功，达成",How can we face them and succeed?,Keep trying and you will succeed.
Unit 1,Words and expressions,excellent,adj.,卓越的；极好的,The runner Su Bingtian gives an excellent answer to this question.,Your English speech was excellent!
Unit 1,Words and expressions,second,n.,秒,"In 2011, he ran the race in 10.16 seconds.",Wait a second - I'll get my jacket.
Unit 1,Words and expressions,satisfied,adj.,"满意的，满足的","However, Su wasn't satisfied.",I'm satisfied with my test score this time.
Unit 1,Words and expressions,risky,adj.,"有危险的，有风险的",This was a very risky decision.,Riding fast in the rain is risky.
Unit 1,Words and expressions,zero,num.,零,He had to start from zero.,The temperature fell to zero last night.
Unit 1,Words and expressions,Olympics,n.,"奥林匹克运动会，奥运会","In 2021, he finished in 9.83 seconds at the Tokyo Olympics.",I watched the Olympics with my dad every night.
Unit 1,Words and expressions,athlete,n.,运动员；田径运动员,He became the first Chinese athlete to run in the Olympic 100 m final.,She trains hard because she wants to be an athlete.
Unit 1,Words and expressions,stick,v.,"粘，贴",Nothing is impossible as long as you try and stick to it.,I stuck a photo on the first page of my notebook.
Unit 1,Words and expressions,stick to,短语,坚持,Nothing is impossible as long as you try and stick to it.,"If you make a plan, stick to it."
Unit 1,Words and expressions,superman,n.,超人,Everyone can be a Su-perman!,Dad carried all the boxes alone - he's a superman!
Unit 1,Developing ideas（读写正文短语）,hold back,短语,阻碍……前进,"However, doubts and fears often hold us back.",Don't let one bad score hold you back.
Unit 1,Developing ideas（读写正文短语）,fight one's fear,短语,战胜恐惧,Su fought his fears and became a sporting hero.,I fought my fear and spoke on the stage.
Unit 2,Understanding ideas,shout,v.,大声说；喊叫,"""What are you doing here?"" he shouts in a very angry voice.",Don't shout at me — I can hear you!
Unit 2,Understanding ideas,gate,n.,大门,The Giant closes the gate and builds a high wall around the garden.,Meet me at the school gate after class.
Unit 2,Understanding ideas,build,v.,建造；盖,The Giant closes the gate and builds a high wall around the garden.,My dad helped me build a bookshelf.
Unit 2,Understanding ideas,since,prep./conj.,自从……以来,"Since then, he hasn't seen a child there.",I've known her since primary school.
Unit 2,Understanding ideas,nor,conj.,也不,"But spring never comes, nor summer.","I don't like coffee, nor does my mum."
Unit 2,Understanding ideas,hole,n.,洞；孔,The Giant sees a hole in the wall.,There's a hole in my sock!
Unit 2,Understanding ideas,glad,adj.,高兴的；开心的,The trees are so glad that they have covered themselves with flowers.,I'm so glad you came to my party.
Unit 2,Understanding ideas,knock,v.,敲,He knocks down the wall.,Please knock before you come in.
Unit 2,Understanding ideas,knock down,phr.,摧毁；拆毁,He knocks down the wall.,They knocked down the old house last week.
Unit 2,Understanding ideas,afraid,adj.,害怕的；恐惧的,The children look afraid.,I'm afraid of spiders.
Unit 2,Understanding ideas,message,n.,（故事等的）寓意；要旨,Choose the message of the passage.,"The message of the film is ""never give up""."
Unit 2,Understanding ideas,double,adj.,双倍的；两倍的,Shared joy is a double joy.,Can I have a double portion of rice?
Unit 2,Understanding ideas,understanding,n.,理解,Write a short story about understanding between people.,A little understanding can fix most arguments.
Unit 2,Understanding ideas,return,v.,返回；回来,"The children have returned, and the garden is lively again.",When will you return from Beijing?
Unit 2,Understanding ideas,lively,adj.,充满活力的；生气勃勃的,"The children have returned, and the garden is lively again.",Our class is really lively in the afternoon.
Unit 2,Understanding ideas,theirs,pron.,他们的（东西）,The Giant tells the children the garden is theirs.,"This classroom is ours, and that one is theirs."
Unit 2,Grammar,grade,n.,年级,We have been friends since Grade 3.,My little brother is in Grade 5.
Unit 2,Grammar,article,n.,（报刊的）文章,"Complete the news article with for, since or the correct form of the words in brackets.",I read an interesting article about pandas.
Unit 2,Grammar,priceless,adj.,极其贵重的；无价的,"Free ice creams, priceless gifts.",Grandma's old photos are priceless to me.
Unit 2,Grammar,offer,v.,提供；给予,"Every year, on his birthday, he offers free ice creams.",Let me offer you some help with your bags.
Unit 2,Grammar,plan,v.,计划,"This year, Uncle Jimmy plans to give away 800 ice creams.",We plan to visit the museum this weekend.
Unit 2,Grammar,quite,adv.,很；较为,People have been quite stressed recently and I want to help.,This maths problem is quite hard.
Unit 2,Grammar,stressed,adj.,焦虑的；紧张的,People have been quite stressed recently and I want to help.,I feel stressed before big exams.
Unit 2,Grammar,recently,adv.,最近；近来,People have been quite stressed recently and I want to help.,Have you seen any good films recently?
Unit 2,Grammar,online,adv.,从网上；在网上,He has made many friends online since then.,I bought this game online.
Unit 2,Developing ideas (听说),ticket,n.,票；入场券,Let's buy our tickets now.,"Two tickets for the 7 o'clock film, please."
Unit 2,Developing ideas (听说),true,adj.,真正的,True friends will respect your feelings.,A true friend tells you the truth.
Unit 2,Developing ideas (听说),respect,v.,尊重；顾及,True friends will respect your feelings.,We should respect other people's ideas.
Unit 2,Reading for writing,narrow,adj.,狭窄的,Narrow lanes are very common in China.,The street is too narrow for two cars.
Unit 2,Reading for writing,lane,n.,……巷（常用于路名中）,"Liuchixiang (Six-chi Lane) in Tongcheng, Anhui, is perhaps the most famous one.",There's a quiet lane behind our school.
Unit 2,Reading for writing,unit,n.,（计量用的）单位,"They are usually about two metres wide, or six chi in traditional Chinese units.",The metre is a unit of length.
Unit 2,Reading for writing,perhaps,adv.,可能；大概；也许,It is perhaps the most famous one.,Perhaps we can play basketball after school.
Unit 2,Reading for writing,argue,v.,争论；争吵,"Two local families, the Zhangs and the Wus, argued over the dividing line between their houses.",My sister and I sometimes argue over the TV.
Unit 2,Reading for writing,divide,v.,（把……）分开,They argued over the dividing line between their houses.,Let's divide the class into four groups.
Unit 2,Reading for writing,dividing line,phr.,分界线；界限,They argued over the dividing line between their houses.,The river is the dividing line between the two towns.
Unit 2,Reading for writing,reach,v.,实现；达成,They couldn't reach agreement.,The two teams finally reached a decision.
Unit 2,Reading for writing,agreement,n.,（意见的）一致；相合,They couldn't reach agreement.,We came to an agreement about the trip.
Unit 2,Reading for writing,reach agreement,phr.,达成一致,They couldn't reach agreement.,"After a long talk, we reached agreement at last."
Unit 2,Reading for writing,relative,n.,家人；亲戚,"Their relative, Zhang Ying, had a position high up in the government.",We visit our relatives at Spring Festival.
Unit 2,Reading for writing,government,n.,政府,"Their relative, Zhang Ying, had a position high up in the government.",The government built a new library in our city.
Unit 2,Reading for writing,poem,n.,诗；韵文,They opened it to find a poem inside.,We learnt a poem by Li Bai today.
Unit 2,Reading for writing,inside,adv.,在……里面,They opened it to find a poem inside.,It's raining — let's go inside.
Unit 2,Reading for writing,neighbour,n.,邻居；邻人,They stepped back three chi for their neighbour.,Our neighbour has a very cute dog.
Unit 2,Reading for writing,act,n.,行为；举动,This act deeply moved the Wu family.,Helping the old man was a kind act.
Unit 2,Reading for writing,pass,v.,（时间）过去；流逝,Hundreds of years have passed since then.,Three years have passed since we first met.
Unit 2,Reading for writing,whenever,conj.,每当,"Whenever they walk down the lane, they remember how kindness encourages more kindness.","Whenever I'm sad, I listen to music."
Unit 3,Understanding ideas,fair,n.,展览会,"Easton stood beside his work at a science fair.","Our school fair is this Friday—want to come?"
Unit 3,Understanding ideas,block,n.,一块（指木头、石头等有直边的硬物）,"He built it out of plastic blocks and fishing line.","My little brother loves playing with building blocks."
Unit 3,Understanding ideas,artificial,adj.,人造的，人工的,"""Hello,"" said a girl with an artificial arm.","These flowers look real, but they're artificial."
Unit 3,Understanding ideas,condition,n.,长期疾病,"This was the first time Easton met Jenny, a girl with a special condition.","My grandpa has a heart condition, so he walks slowly."
Unit 3,Understanding ideas,cost,v.,价格为，需支付（某一数量的钱）,"Her artificial arm was just a simple hook, but it cost $80,000.","This phone cost me way too much!"
Unit 3,Understanding ideas,lend,v.,借给，借出,"I must lend a hand to people like her.","Can you lend me your pen for a second?"
Unit 3,Understanding ideas,lend (sb) a hand,短语,帮助（某人）做事；（给某人）搭把手,"I must lend a hand to people like her.","Let me lend you a hand with your bag."
Unit 3,Understanding ideas,3-D,adj.,三维的，立体的,"For his 16th birthday, Easton got a 3-D printer.","We watched a 3-D movie last weekend."
Unit 3,Understanding ideas,printer,n.,打印机,"People can make an artificial arm with their own 3-D printers!","The printer is out of paper again."
Unit 3,Understanding ideas,invent,v.,发明，创造,"And with it, he invented an artificial arm.","Who invented the telephone?"
Unit 3,Understanding ideas,weigh,v.,重，重量是……,"The arm weighed 3.6 kilograms. It was too heavy for a child.","How much does your schoolbag weigh?"
Unit 3,Understanding ideas,kilogram,n.,千克，公斤,"His design only weighed 0.5 kilograms and cost around $500!","I bought two kilograms of apples."
Unit 3,Understanding ideas,fix,v.,解决（问题）,"He enjoyed fixing problems one after another.","Don't worry, we can fix this problem together."
Unit 3,Understanding ideas,invention,n.,发明（物）,"Easton's invention has helped many children.","The Internet is a great invention."
Unit 3,Understanding ideas,download,v.,下载,"People can download the design and make an artificial arm.","I downloaded a new game last night."
Unit 3,Understanding ideas,apply,v.,应用，运用,"He also hoped to apply it to real life after finishing high school.","You can apply what you learn in class to real life."
Unit 3,Understanding ideas,blind,adj.,盲的，失明的,"Blind students at school had a hard time moving around.","The blind man crossed the street with his guide dog."
Unit 3,Understanding ideas,machine,n.,机器,"They wished to have a smart machine to warn them about the objects in their way.","This machine makes coffee in one minute."
Unit 3,Understanding ideas,warn,v.,警告，告诫；提醒,"It can sense objects nearby and shake to warn the user.","The sign warns people not to swim here."
Unit 3,Understanding ideas,object,n.,物体,"They wished to have a smart machine to warn them about the objects in their way.","What's that strange object on the table?"
Unit 3,Understanding ideas,sense,v.,检测并记录,"It can sense objects nearby and shake to warn the user.","My phone can sense how many steps I take."
Unit 3,Understanding ideas,congratulations,n.,祝贺的话,"Shantanu won an award and received many congratulations for his invention.","Congratulations on winning the game!"
Unit 3,Understanding ideas,advertisement,n.,广告；启事,"Then write an advertisement for it.","I saw an advertisement for that new movie."
Unit 3,Understanding ideas,everyday,adj.,日常的；平常的；每天的,"What everyday problem do you face?","Getting up early is just part of everyday life."
Unit 3,Understanding ideas,trouble,v.,使忧虑，使苦恼,"How does the problem trouble you?","Sorry to trouble you, but could you help me?"
Unit 3,Understanding ideas,creative,adj.,有创造力的,"Be creative! You can be as imaginative as you want.","She's so creative—she makes her own comics."
Unit 3,Understanding ideas,imaginative,adj.,富有想象力的；创新的,"You can be as imaginative as you want.","That's a really imaginative story you wrote!"
Unit 3,Developing ideas（听说）,inventor,n.,发明者，发明家,"The news programme encourages young people to become inventors.","Edison was a famous inventor."
Unit 3,Developing ideas（听说）,widely,adv.,广泛地；普遍地,"Good inventors think widely.","English is widely used around the world."
Unit 3,Developing ideas（读写）,curiosity,n.,好奇心,"The greatest inventions in history would be impossible without curiosity.","My cat is full of curiosity about everything new."
Unit 3,Developing ideas（读写）,talent,n.,天资，天赋，才能,"""I have no special talents. I am only passionately curious.""","She has a real talent for singing."
Unit 3,Developing ideas（读写）,electricity,n.,电,"He was drawn to electricity and had a deep curiosity about its nature.","We had no electricity for two hours last night."
Unit 3,Developing ideas（读写）,lightning,n.,闪电,"This invention protects buildings from lightning.","Did you see that lightning just now?"
Unit 3,Developing ideas（读写）,lightning rod,短语,避雷针,"His curiosity led him to invent the lightning rod.","There's a lightning rod on top of that tall building."
Unit 3,Developing ideas（读写）,pioneer,n.,先驱，先锋，创始人,"Just look at Wan Hu, the Ming Dynasty pioneer of space exploration.","She was a pioneer in computer science."
Unit 3,Developing ideas（读写）,exploration,n.,探索；探险；勘探；勘查,"Wan Hu was the Ming Dynasty pioneer of space exploration.","Space exploration is really exciting to me."
Unit 3,Developing ideas（读写）,test,v.,试验，检验,"He lost his life while testing this invention.","Let's test the new app before we use it in class."
Unit 3,Developing ideas（读写）,despite,prep.,尽管，虽然,"Despite the failure, his curiosity gave future explorers ideas.","Despite the cold, we enjoyed the trip."
Unit 3,Developing ideas（读写）,failure,n.,失败,"Despite the failure, his curiosity gave future explorers ideas.","Don't be afraid of failure—just try again."
Unit 3,Developing ideas（读写）,future,adj.,将来的，未来的,"His curiosity gave future explorers ideas.","Future phones might be as thin as paper."
Unit 3,Developing ideas（读写）,explorer,n.,探险者；勘察者,"People learnt from his example, and created safer ways to explore space.","The explorer spent a year in the jungle."
Unit 3,Developing ideas（读写）,risk,n.,冒险举动,"But curiosity is more than just taking risks.","Trying new things always has some risk."
Unit 3,Developing ideas（读写）,drive,v.,促使,"It also drives people towards certain goals.","Her dream drives her to practise every day."
Unit 3,Developing ideas（读写）,earthquake,n.,地震,"He drew China's first star map, and invented the first earthquake detector.","We learnt what to do in an earthquake."
Unit 3,Developing ideas（读写）,keyhole,n.,锁眼，钥匙孔,"It is a curious man looking through a keyhole, the keyhole of nature.","I peeked through the keyhole to see who was there."
Unit 4,Understanding ideas 课文,digital,adj.,数字的；数码的,I've had some digital problems here.,My life is very digital – I do almost everything on my phone.
Unit 4,Understanding ideas 课文,century,n.,世纪,"I've been back in the UK for three days, but it feels like a century!",Waiting for the holiday feels like a century!
Unit 4,Understanding ideas 课文,forever,n./adv.,极长的一段时间,But it took forever to find a bike!,The bus took forever to come this morning.
Unit 4,Understanding ideas 课文,smartphone,n.,智能手机,I wanted to pay with my smartphone.,I use my smartphone to pay for everything.
Unit 4,Understanding ideas 课文,wallet,n.,钱包,I never carry my wallet.,"Oh no, I left my wallet at home!"
Unit 4,Understanding ideas 课文,payment,n.,支付；付款,"As I always make digital payments in China, I never carry my wallet.",Digital payment is super easy – just scan and go.
Unit 4,Understanding ideas 课文,cash,n.,现款；现金,The shopkeeper told me to use cash.,Do you have any cash on you? I only have my phone.
Unit 4,Understanding ideas 课文,app,n.,应用程序；应用软件,I ordered my favourite dishes through an app instead.,Which app do you use to order food?
Unit 4,Understanding ideas 课文,oven,n.,烤箱；烤炉,I had to heat them one by one in the oven.,Mum heated the pizza in the oven.
Unit 4,Understanding ideas 课文,except,prep.,除……之外,"Except for today, I've had a great holiday.",Everyone is here except Tom.
Unit 4,Understanding ideas 课文,convenient,adj.,方便的；便利的,The technology there lets me live a more convenient life!,Shared bikes are really convenient for short trips.
Unit 4,Understanding ideas 课文,development,n.,进步；发展,You can think about technology development and government plans.,The development of AI is changing our lives.
Unit 4,Grammar 语法,mobile,adj.,非固定的；移动式的,Mobile payment allows us to use our smartphones to pay for things easily.,Mobile payment is everywhere in China now.
Unit 4,Grammar 语法,anywhere,adv.,任何地方；无论何处,"Online education helps us learn new things anytime, anywhere.","With my phone, I can study anywhere."
Unit 4,Grammar 语法,a great deal,短语,充裕；丰富；大量,I've also learnt a great deal via online learning apps!,I learnt a great deal from that video.
Unit 4,Grammar 语法,via,prep.,通过,I've also learnt a great deal via online learning apps!,I chat with my cousin via video calls.
Unit 4,Grammar 语法,progress,n.,进步；进展,The app even let me check my daily progress.,I'm making progress in English!
Unit 4,Grammar 语法,offline,adj.,未联网的；不在线的,"After all, the offline world is also exciting, right?","Let's do something offline this weekend, like hiking."
Unit 4,Grammar 语法,nowadays,adv.,现今；现时,"Nowadays, instead of going to the shop, you can simply order online.",Nowadays almost nobody pays with cash.
Unit 4,Grammar 语法,simply,adv.,只是；只要,You can simply order online.,You can simply scan the QR code to pay.
Unit 4,Grammar 语法,save,v.,节省；节约,Technology saves me time because I can order things online.,Ordering online saves me a lot of time.
Unit 4,Grammar 语法,advantage,n.,好处；优点,One advantage of apps / the internet / social media is…,One advantage of shared bikes is that they're cheap.
Unit 4,Grammar 语法,effect,n.,效应；影响；结果,What effect has the internet had on your life?,Too much screen time has a bad effect on my eyes.
Unit 4,Developing ideas 听说,glue (be glued to sth),v./短语,胶合；盯着某物看,You've been glued to your phone for hours.,Don't be glued to the screen all day!
Unit 4,Developing ideas 读写,strange,adj.,奇怪的；不寻常的,It was strange to read the words.,It feels strange to write with a pen now – I always type.
Unit 4,Developing ideas 读写,throw,v.,投；扔；抛；掷,"When you finish the book, you just throw it away, I guess.",Don't throw your old books away – give them to me!
Unit 4,Developing ideas 读写,guess,v.,猜；猜测,"When you finish the book, you just throw it away, I guess.",Guess what? I got a new phone!
Unit 4,Developing ideas 读写,anyone,pron.,有人；任何人,Why would anyone write about school?,Has anyone seen my charger?
Unit 4,Developing ideas 读写,bedroom,n.,卧室,Margie's classroom was right next to her bedroom.,I do my homework in my bedroom.
Unit 4,Developing ideas 读写,homework,n.,家庭作业；功课,Please put yesterday's homework in the opening.,I finished my homework on the learning app.
Unit 5,Understanding ideas,opposite,prep.,在……的对面,A girl opposite me started playing loud music on her phone.,The bank is opposite the school.
Unit 5,Understanding ideas,packet,n.,"小包，小盒，小袋",The man next to me took out several packets of food.,I bought a packet of biscuits.
Unit 5,Understanding ideas,picnic,n.,野餐,It was like he was on a picnic.,Let's have a picnic in the park on Sunday.
Unit 5,Understanding ideas,smelly,adj.,有臭味的,But the food was so smelly!,Take off your smelly socks please!
Unit 5,Understanding ideas,cheese,n.,"干酪，奶酪",It was like sitting next to a mountain of blue cheese.,I'd like extra cheese on my pizza.
Unit 5,Understanding ideas,noise,n.,噪声；嘈杂声,I covered my ears in order to block the noise.,Don't make so much noise—Dad is sleeping.
Unit 5,Understanding ideas,reduce,v.,减少；缩小；降低,I covered my nose so as to reduce the smell.,We should reduce the time we spend on phones.
Unit 5,Understanding ideas,kick,v.,踢,Then a boy behind me started to kick my seat.,Don't kick the ball indoors!
Unit 5,Understanding ideas,seat,n.,"座，座位",Then a boy behind me started to kick my seat.,Is this seat taken?
Unit 5,Understanding ideas,passenger,n.,"乘客，旅客",I turned around so as to see the other passengers' faces.,The bus was full of passengers.
Unit 5,Understanding ideas,anything,pron.,任何事物都（没有）,"They also seemed unhappy, but no one did anything.",I didn't say anything at the meeting.
Unit 5,Understanding ideas,fool,n.,"蠢人，傻子，笨蛋",Will they think me a fool if I do something?,I felt like a fool when I forgot my lines.
Unit 5,Understanding ideas,sign,n.,标记；指示牌，标牌,I looked at the signs on the wall.,"The sign says ""No parking""."
Unit 5,Understanding ideas,throat,n.,"喉咙，咽喉","I took a deep breath, stood up and cleared my throat.","My throat hurts, so I can't sing today."
Unit 5,Understanding ideas,clear your throat,短语,（尤指说话前或为引人注意而）清清嗓子,I stood up and cleared my throat…,He cleared his throat before the speech.
Unit 5,Understanding ideas,responsibility,n.,责任,Not my responsibility!,Feeding the dog is my responsibility.
Unit 5,Understanding ideas,cause,n.,"原因，起因",You can also consider causes and effects within the story.,What was the cause of the fire?
Unit 5,Understanding ideas（Grammar）,belt,n.,"腰带，皮带",People wear seat belts in cars.,This belt is too tight for me.
Unit 5,Understanding ideas（Grammar）,seat belt,短语,安全带,People wear seat belts in cars to stay safe on the road.,Put on your seat belt before we start.
Unit 5,Understanding ideas（Grammar）,station,n.,车站,Sally arrived at the train station before 6:00 am.,I'll meet you at the bus station.
Unit 5,Understanding ideas（Grammar）,flowerpot,n.,花盆,I found my favourite flowerpot broken.,There's a green flowerpot on the balcony.
Unit 5,Understanding ideas（Grammar）,pick up,短语,捡起,I picked up the pieces to clean up the mess.,Please pick up the paper on the floor.
Unit 5,Understanding ideas（Grammar）,mess,n.,脏乱；凌乱,I picked up the pieces to clean up the mess.,What a mess your desk is!
Unit 5,Understanding ideas（Grammar）,honesty,n.,"诚实，正直；坦诚",His honesty made me respect him.,Honesty is the best policy.
Unit 5,Understanding ideas（Grammar）,spread,v.,传播,I'm sharing my story to spread some happiness.,Good news spreads fast.
Unit 5,Developing ideas（听说）,law,n.,"法则，法令",Should traffic laws be changed?,Everyone must obey the law.
Unit 5,Developing ideas（听说）,lawyer,n.,律师,Zhang Xinyan is a lawyer.,My aunt works as a lawyer.
Unit 5,Developing ideas（听说）,urgent,adj.,"紧急的，急迫的","In some urgent situations, it might be okay to break certain rules.",I have an urgent message for you.
Unit 5,Reading for writing,citizen,n.,公民；市民，城镇居民,"There are so many netizens, that is, citizens on the internet!",Every citizen should follow the rules.
Unit 5,Reading for writing,click,n.,点击（鼠标）,We can get in touch with anyone with just one click.,You can order food with one click.
Unit 5,Reading for writing,basic,adj.,"基础的，基本的，根本的",Here are the basic rules you need to know to stay safe online.,I only know some basic English words.
Unit 5,Reading for writing,personal,adj.,"个人的，私人的",Avoid posting personal information online.,Don't share your personal information with strangers.
Unit 5,Reading for writing,private,adj.,"个人的，秘密的",Keep personal information private.,This is my private diary—please don't read it.
Unit 5,Reading for writing,avoid,v.,避免,Avoid posting personal information online.,Avoid drinking cola late at night.
Unit 5,Reading for writing,address,n.,地址,"This includes your full name, phone number, address, ID or passport number.",What's your home address?
Unit 5,Reading for writing,passport,n.,护照,Never post your ID or passport number online.,You need a passport to travel abroad.
Unit 5,Reading for writing,limit,v.,"限制，限定","However, limit who sees it.",You should limit your screen time to one hour.
Unit 5,Reading for writing,careless,adj.,"不小心的，粗心的，疏忽的",Change it often and don't be careless.,A careless mistake cost me five points.
Unit 5,Reading for writing,aware,adj.,"注意到的，察觉到的",Be aware of strangers.,Be aware of the wet floor!
Unit 5,Reading for writing,cheat,v.,"欺诈，欺骗",Never meet online strangers in real life. They may cheat you.,It's wrong to cheat in exams.
Unit 5,Reading for writing,trust,v.,"信任，信赖，相信",Only spend time online with trusted friends.,I trust my best friend completely.
Unit 5,Reading for writing,enemy,n.,敌人,Words sometimes hurt people and you can make enemies.,Don't make enemies over small things.
Unit 5,Reading for writing,behave,v.,表现,Remember that behaving badly online has costs.,The kids behaved well at the party.
Unit 5,Reading for writing,cyberbullying,n.,网络霸凌（欺凌）,People sometimes say bad things to other people online. This is cyberbullying.,We should say no to cyberbullying.
Unit 6,Understanding ideas,lost,adj.,不复存在的；不再拥有的,A lost city (课文标题),Pompeii is a famous lost city in Italy.
Unit 6,Understanding ideas,ground,n.,地，地面,I was sleeping when the ground shook very hard.,The ground is wet after the rain.
Unit 6,Understanding ideas,scared,adj.,害怕的，恐惧的,My mother was so scared.,I was scared when the lights suddenly went out.
Unit 6,Understanding ideas,shut,v.,（使）关（合）上，（使）关闭,She didn't shut her eyes for even one second.,Please shut the door — it's cold outside.
Unit 6,Understanding ideas,shocking,adj.,惊人的，骇人的，令人难以置信的,"Just then, shocking things happened.",The news about the flood was really shocking.
Unit 6,Understanding ideas,coach,n.,公共马车，四轮大马车,Our coach couldn't go straight ahead.,"In old times, people travelled by coach."
Unit 6,Understanding ideas,straight,adv.,笔直地，成直线地,Our coach couldn't go straight ahead.,Go straight and you'll see the school gate.
Unit 6,Understanding ideas,sand,n.,沙滩,Many sea animals were left on the sand.,The kids love playing on the sand at the beach.
Unit 6,Understanding ideas,flood,n.,洪水，水灾,The cloud was spreading over the land like a flood.,The heavy rain caused a flood in the town.
Unit 6,Understanding ideas,thick,adj.,浓密的；混浊的,The air was thick with smoke.,The fog was so thick that I couldn't see the road.
Unit 6,Understanding ideas,smoke,n.,（燃烧产生的）烟,The air was thick with smoke and ash began to fall.,I smelled smoke and called 119 at once.
Unit 6,Understanding ideas,shower,n.,一大批，一阵,Ash began to fall in heavy showers.,A shower of leaves fell from the tree in the wind.
Unit 6,Understanding ideas,historical,adj.,（有关）历史的,Historical records can help you learn more about a historical disaster.,I like watching historical films about ancient China.
Unit 6,Understanding ideas,expert,n.,专家,Studies of experts can help you learn about a historical disaster.,My uncle is an expert on earthquakes.
Unit 6,Understanding ideas,timeline,n.,时间表,Complete the timeline with the words from the passage.,Let's make a timeline of the story first.
Unit 6,Understanding ideas,reaction,n.,反应,People's reactions: women were calling and children were crying.,What was your reaction when you heard the news?
Unit 6,Understanding ideas (Grammar),airline,n.,航空公司,"While the hurricane was blowing heavily, airlines could not fly in the area.",The airline cancelled all flights because of the storm.
Unit 6,Understanding ideas (Grammar),weekday,n.,工作日,"At first, it was just another normal weekday.",I get up at six on weekdays.
Unit 6,Understanding ideas (Grammar),railway,n.,铁路，铁道,I was waiting at the railway station when I heard a notice.,The new railway connects the two cities.
Unit 6,Understanding ideas (Grammar),rainstorm,n.,暴风雨,"There was a heavy rainstorm, so all train services were stopped.",Don't go out — there will be a rainstorm tonight.
Unit 6,Understanding ideas (Grammar),service,n.,（车、船等的）交通服务，班次,All train services were stopped.,The bus service stops at 11 pm.
Unit 6,Understanding ideas (Grammar),search,v.,寻找，搜索，搜寻,Others were calling their families or searching for news reports.,I searched the Internet for information about tsunamis.
Unit 6,Understanding ideas (Grammar),motherland,n.,祖国,"The music of ""Me and My Motherland"" stopped all the noise.",We all love our motherland.
Unit 6,Understanding ideas,terrible,adj.,剧烈的；厉害的；非常严重的,It was a terrible… (Useful expressions),It was a terrible earthquake — many houses fell down.
Unit 6,Developing ideas,danger,n.,危险,She sensed the danger and warned others.,Keep away from the river — it's full of danger after the flood.
Unit 6,Developing ideas,tsunami,n.,海啸,It's been many years since a tsunami happened in Italy.,A tsunami can move very fast across the sea.
Unit 6,Developing ideas,warning,n.,警告，警示,What do you know about disaster warnings?,The weather warning said a typhoon was coming.
Unit 6,Reading for writing,iron,adj./n.,极坚强的；铁,Iron girl (课文标题),She has an iron will and never gives up.
Unit 6,Reading for writing,fashion,n.,时装业,"During the 2021 Shanghai Fashion Week, a young woman drew everyone's attention.",My sister is really into fashion.
Unit 6,Reading for writing,slim,adj.,苗条的，修长的,"A young, slim and confident woman with an iron leg drew everyone's attention.",She stays slim by running every day.
Unit 6,Reading for writing,bleed,v.,流血，出血,"It wasn't comfortable, and her leg often bled.",My finger is bleeding — I need a plaster.
Unit 6,Reading for writing,uncomfortable,adj.,不舒服的,People's curious eyes made her even more uncomfortable.,These new shoes are really uncomfortable.
Unit 6,Reading for writing,jeans,n.,牛仔裤,She always tried to hide her leg under jeans or dresses.,I usually wear jeans and a T-shirt at weekends.
Unit 6,Reading for writing,encouraging,adj.,令人鼓舞的，振奋人心的,"To her surprise, she received lots of encouraging words.",My teacher's encouraging words made me feel confident.
Unit 6,Reading for writing,herself,pron.,她自己,She completed the hard 10-year journey of finding herself again.,She made this cake all by herself.
Unit 6,Reading for writing,university,n.,大学,She carried the torch at the FISU World University Games.,My cousin studies at a university in Beijing.
Unit 6,Reading for writing,honour,n.,荣幸，光荣,"""It is a great honour for me,"" she said.",It's an honour to speak for our class.
Unit 6,Reading for writing,wound,n.,伤痛，伤害,A disaster can bring wounds and pain.,Time can heal the wounds of the heart.
Unit 6,Reading for writing,heroine,n.,女主角，女主人公,"Above all, be the heroine of your life, not the victim.",Mulan is the heroine of the story.
